"run","es.mean","r.vars","n.obs","n.vars","upper.pwr","lower.pwr","obs.power","true.edr","true.err","tot.mdl.edr","tot.mdl.err","sel.mdl.edr","sel.mdl.err","tot.mdl_bias.edr","tot.mdl_bias.err","tot.mdl_bias.OJS","tot.mdl_bias.EJS","tot.mdl_bias.P","sel.mdl_bias.edr","sel.mdl_bias.err","sel.mdl_bias.OJS","sel.mdl_bias.EJS","sel.mdl_bias.P"
1,0,0,15,2,0.025,0.025,0.0500000000000001,0.0500000000000001,0.025,0.0536207461776681,0.0387282737907671,0.0622782284082533,0.0650820718838832,0.0536207461776681,0.0387282737907671,0,0.02,1,0.0622782284082533,0.0650820718838832,0,0.02,1
2,0,0,15,5,0.025,0.025,0.0500000000000001,0.0500000000000001,0.025,0.0524425187060708,0.0344690205924877,0.0705088250315631,0.0841354637176323,0.0524425187060708,0.0344690205924877,0,0.02,1,0.0705088250315631,0.0841354637176323,0,0.02,1
3,0,0,15,10,0.025,0.025,0.0500000000000001,0.0500000000000001,0.025,0.0513104747584746,0.0388847779908397,0.0729011196775635,0.088866515491887,0.0513104747584746,0.0388847779908397,0,0.02,1,0.0729011196775635,0.088866515491887,0,0.02,1
4,0,0,20,2,0.025,0.025,0.05,0.05,0.025,0.0502990885172957,0.0262088998646717,0.0602460791868581,0.0595763880832564,0.0502990885172957,0.0262088998646717,0,0.02,1,0.0602460791868581,0.0595763880832564,0,0.02,1
5,0,0,20,5,0.025,0.025,0.05,0.05,0.025,0.062102239507505,0.0646195178470133,0.0841752282410552,0.107542539344416,0.062102239507505,0.0646195178470133,0,0.02,1,0.0841752282410552,0.107542539344416,0,0.02,1
6,0,0,20,10,0.025,0.025,0.05,0.05,0.025,0.0528333752071632,0.0359030106850785,0.0756879356741487,0.0940006606628731,0.0528333752071632,0.0359030106850785,0,0.02,1,0.0756879356741487,0.0940006606628731,0,0.02,1
7,0,0,30,2,0.025,0.025,0.05,0.05,0.025,0.0535820555047249,0.0385913828308344,0.0667558884953935,0.0760303545098268,0.0535820555047249,0.0385913828308344,0,0.02,1,0.0667558884953935,0.0760303545098268,0,0.02,1
8,0,0,30,5,0.025,0.025,0.05,0.05,0.025,0.0505596762027905,0.0310179540885739,0.0661346692027206,0.0745999895013145,0.0505596762027905,0.0310179540885739,0,0.02,1,0.0661346692027206,0.0745999895013145,0,0.02,1
9,0,0,30,10,0.025,0.025,0.05,0.05,0.025,0.0525320465890891,0.0347993681966228,0.0740825508869559,0.0910902299578692,0.0525320465890891,0.0347993681966228,0,0.02,1,0.0740825508869559,0.0910902299578692,0,0.02,1
10,0,0.25,15,2,0.025,0.025,0.0500000000000001,0.0500000000000001,0.025,0.052379455849979,0.0342356480162986,0.0613907098660663,0.062722358592731,0.052379455849979,0.0342356480162986,0,0.02,1,0.0613907098660663,0.062722358592731,0,0.02,1
11,0,0.25,15,5,0.025,0.025,0.0500000000000001,0.0500000000000001,0.025,0.05,0.025,0.0625250181865788,0.0657263268870648,0.05,0.025,0,0.02,1,0.0625250181865788,0.0657263268870648,0,0.02,1
12,0,0.25,15,10,0.025,0.025,0.0500000000000001,0.0500000000000001,0.025,0.0533555634439138,0.0377860514697469,0.0729927467724438,0.0890415528381412,0.0533555634439138,0.0377860514697469,0,0.02,1,0.0729927467724438,0.0890415528381412,0,0.02,1
13,0,0.25,20,2,0.025,0.025,0.05,0.05,0.025,0.05,0.025,0.0527359126492631,0.0373912128896362,0.05,0.025,0,0.02,1,0.0527359126492631,0.0373912128896362,0,0.02,1
14,0,0.25,20,5,0.025,0.025,0.05,0.05,0.025,0.0560314195454531,0.0468846002468357,0.0729504317040636,0.0889607720320388,0.0560314195454531,0.0468846002468357,0,0.02,1,0.0729504317040636,0.0889607720320388,0,0.02,1
15,0,0.25,20,10,0.025,0.025,0.05,0.05,0.025,0.05,0.025,0.0745404274619085,0.0919331013762775,0.05,0.025,0,0.02,1,0.0745404274619085,0.0919331013762775,0,0.02,1
16,0,0.25,30,2,0.025,0.025,0.05,0.05,0.025,0.05,0.025,0.0554853957751205,0.0450992560977871,0.05,0.025,0,0.02,1,0.0554853957751205,0.0450992560977871,0,0.02,1
17,0,0.25,30,5,0.025,0.025,0.05,0.05,0.025,0.0536733724725663,0.0389141534065769,0.0786049697731255,0.098984746912299,0.0536733724725663,0.0389141534065769,0,0.02,1,0.0786049697731255,0.098984746912299,0,0.02,1
18,0,0.25,30,10,0.025,0.025,0.05,0.05,0.025,0.0556487593836948,0.0456370821701496,0.0833001516475672,0.106273904365863,0.0556487593836948,0.0456370821701496,0,0.02,1,0.0833001516475672,0.106273904365863,0,0.02,1
19,0,0.5,15,2,0.025,0.025,0.0500000000000001,0.0500000000000001,0.025,0.0530431917883245,0.0366640770163738,0.0557817119572405,0.0460724638307746,0.0530431917883245,0.0366640770163738,0,0.02,1,0.0557817119572405,0.0460724638307746,0,0.02,1
20,0,0.5,15,5,0.025,0.025,0.0500000000000001,0.0500000000000001,0.025,0.0526020201489888,0.0350567796897901,0.0701100418911518,0.0833154260653728,0.0526020201489888,0.0350567796897901,0,0.02,1,0.0701100418911518,0.0833154260653728,0,0.02,1
21,0,0.5,15,10,0.025,0.025,0.0500000000000001,0.0500000000000001,0.025,0.0545982721397436,0.0421224724468564,0.0884346237158216,0.113359043449479,0.0545982721397436,0.0421224724468564,0,0.02,1,0.0884346237158216,0.113359043449479,0,0.02,1
22,0,0.5,20,2,0.025,0.025,0.05,0.05,0.025,0.0517841386406045,0.0320045872103062,0.0588748369698488,0.0556465344228284,0.0517841386406045,0.0320045872103062,0,0.02,1,0.0588748369698488,0.0556465344228284,0,0.02,1
23,0,0.5,20,5,0.025,0.025,0.05,0.05,0.025,0.05,0.025,0.0588363500459249,0.0555335916438515,0.05,0.025,0,0.02,1,0.0588363500459249,0.0555335916438515,0,0.02,1
24,0,0.5,20,10,0.025,0.025,0.05,0.05,0.025,0.05,0.025,0.0845133075897246,0.10802563146059,0.05,0.025,0,0.02,1,0.0845133075897246,0.10802563146059,0,0.02,1
25,0,0.5,30,2,0.025,0.025,0.05,0.05,0.025,0.05,0.025,0.0545789813702706,0.0420566663799033,0.05,0.025,0,0.02,1,0.0545789813702706,0.0420566663799033,0,0.02,1
26,0,0.5,30,5,0.025,0.025,0.05,0.05,0.025,0.05,0.025,0.0562845760250889,0.0477005975662594,0.05,0.025,0,0.02,1,0.0562845760250889,0.0477005975662594,0,0.02,1
27,0,0.5,30,10,0.025,0.025,0.05,0.05,0.025,0.0561768533607503,0.0473542748438946,0.0761850517664284,0.0948770197682955,0.0561768533607503,0.0473542748438946,0,0.02,1,0.0761850517664284,0.0948770197682955,0,0.02,1
28,0,0.75,15,2,0.025,0.025,0.0500000000000001,0.0500000000000001,0.025,0.052810116524428,0.0358182722690794,0.0625877384586622,0.0658892510718315,0.052810116524428,0.0358182722690794,0,0.02,1,0.0625877384586622,0.0658892510718315,0,0.02,1
29,0,0.75,15,5,0.025,0.025,0.0500000000000001,0.0500000000000001,0.025,0.0560104397425866,0.0468166452331851,0.068368194268837,0.0796214291147338,0.0560104397425866,0.0468166452331851,0,0.02,1,0.068368194268837,0.0796214291147338,0,0.02,1
30,0,0.75,15,10,0.025,0.025,0.0500000000000001,0.0500000000000001,0.025,0.0540474919288869,0.0409141242255051,0.0829116768648055,0.105702133463155,0.0540474919288869,0.0409141242255051,0,0.02,1,0.0829116768648055,0.105702133463155,0,0.02,1
31,0,0.75,20,2,0.025,0.025,0.05,0.05,0.025,0.0540298505847463,0.0403599928320438,0.060564873308758,0.0604645280466799,0.0540298505847463,0.0403599928320438,0,0.02,1,0.060564873308758,0.0604645280466799,0,0.02,1
32,0,0.75,20,5,0.025,0.025,0.05,0.05,0.025,0.0546690416264148,0.0423634887355592,0.0662577016375072,0.0748854031745342,0.0546690416264148,0.0423634887355592,0,0.02,1,0.0662577016375072,0.0748854031745342,0,0.02,1
33,0,0.75,20,10,0.025,0.025,0.05,0.05,0.025,0.0545540098398536,0.0419714125762271,0.0764641359566354,0.095364019129161,0.0545540098398536,0.0419714125762271,0,0.02,1,0.0764641359566354,0.095364019129161,0,0.02,1
34,0,0.75,30,2,0.025,0.025,0.05,0.05,0.025,0.0562037633698383,0.0474409135079801,0.0658923487517355,0.0740347316500119,0.0562037633698383,0.0474409135079801,0,0.02,1,0.0658923487517355,0.0740347316500119,0,0.02,1
35,0,0.75,30,5,0.025,0.025,0.05,0.05,0.025,0.05,0.025,0.0596747365372611,0.0579609212181786,0.05,0.025,0,0.02,1,0.0596747365372611,0.0579609212181786,0,0.02,1
36,0,0.75,30,10,0.025,0.025,0.05,0.05,0.025,0.0506967210958931,0.0277940218209164,0.0771384646286623,0.0965261728016125,0.0506967210958931,0.0277940218209164,0,0.02,1,0.0771384646286623,0.0965261728016125,0,0.02,1
37,0.25,0,15,2,0.0970574126421189,0.00437348968226747,0.101430902324386,0.101430902324386,0.0970574126421189,0.10593645182367,0.132349542065543,0.135658285422323,0.173002874969638,0.10593645182367,0.132349542065543,0,0.02,1,0.135658285422323,0.173002874969638,0,0.02,1
38,0.25,0,15,5,0.0970574126421189,0.00437348968226747,0.101430902324386,0.101430902324386,0.0970574126421189,0.143196950015596,0.157317911137869,0.235487099955294,0.312491093823556,0.143196950015596,0.157317911137869,0,0.02,1,0.235487099955294,0.312491093823556,0,0.02,1
39,0.25,0,15,10,0.0970574126421189,0.00437348968226747,0.101430902324386,0.101430902324386,0.0970574126421189,0.11696274761209,0.251460932519692,0.516005273976175,0.515967793442332,0.11696274761209,0.251460932519692,0,0.02,1,0.516005273976175,0.515967793442332,0,0.02,1
40,0.25,0,20,2,0.117178056464628,0.00315731126794372,0.120335367732571,0.120335367732571,0.117178056464628,0.148117420044477,0.159676147832586,0.191925423790548,0.227537863801029,0.148117420044477,0.159676147832586,0,0.02,1,0.191925423790548,0.227537863801029,0,0.02,1
41,0.25,0,20,5,0.117178056464628,0.00315731126794372,0.120335367732571,0.120335367732571,0.117178056464628,0.173589609978088,0.17902924622472,0.255015769623227,0.341153552669616,0.173589609978088,0.17902924622472,0,0.02,1,0.255015769623227,0.341153552669616,0,0.02,1
42,0.25,0,20,10,0.117178056464628,0.00315731126794372,0.120335367732571,0.120335367732571,0.117178056464628,0.221940807649389,0.289646096970059,0.569084771372955,0.595335761552019,0.221940807649389,0.289646096970059,0,0.02,1,0.569084771372955,0.595335761552019,0,0.02,1
43,0.25,0,30,2,0.156803458270639,0.00179321456965331,0.158596672840292,0.158596672840292,0.156803458270639,0.180451228968095,0.19833638733744,0.239068184470895,0.318097707205455,0.180451228968095,0.19833638733744,0,0.02,1,0.239068184470895,0.318097707205455,0,0.02,1
44,0.25,0,30,5,0.156803458270639,0.00179321456965331,0.158596672840292,0.158596672840292,0.156803458270639,0.22539773233844,0.295744605153853,0.522231911844919,0.526113577773937,0.22539773233844,0.295744605153853,0,0.02,1,0.522231911844919,0.526113577773937,0,0.02,1
45,0.25,0,30,10,0.156803458270639,0.00179321456965331,0.158596672840292,0.158596672840292,0.156803458270639,0.18474596197752,0.409618880815251,0.835593350161593,0.841422844840828,0.18474596197752,0.409618880815251,0,0.02,1,0.835593350161593,0.841422844840828,0,0.02,1
46,0.25,0.25,15,2,0.0970574126421189,0.00437348968226747,0.101430902324386,0.101430902324386,0.0970574126421189,0.0982848808028221,0.124879222435346,0.16443124471682,0.166485189881301,0.0982848808028221,0.124879222435346,0,0.02,1,0.16443124471682,0.166485189881301,0,0.02,1
47,0.25,0.25,15,5,0.0970574126421189,0.00437348968226747,0.101430902324386,0.101430902324386,0.0970574126421189,0.103812309775446,0.13038613663477,0.198951549670633,0.243756376871168,0.103812309775446,0.13038613663477,0,0.02,1,0.198951549670633,0.243756376871168,0,0.02,1
48,0.25,0.25,15,10,0.0970574126421189,0.00437348968226747,0.101430902324386,0.101430902324386,0.0970574126421189,0.0926657339033087,0.118607523396709,0.241652522510248,0.322040565301693,0.0926657339033087,0.118607523396709,0,0.02,1,0.241652522510248,0.322040565301693,0,0.02,1
49,0.25,0.25,20,2,0.117178056464628,0.00315731126794372,0.120335367732571,0.120335367732571,0.117178056464628,0.126407235139355,0.147889069763105,0.179552732249135,0.195892171372138,0.126407235139355,0.147889069763105,0,0.02,1,0.179552732249135,0.195892171372138,0,0.02,1
50,0.25,0.25,20,5,0.117178056464628,0.00315731126794372,0.120335367732571,0.120335367732571,0.117178056464628,0.11423984718379,0.139324047056816,0.219400580617069,0.285048059119482,0.11423984718379,0.139324047056816,0,0.02,1,0.219400580617069,0.285048059119482,0,0.02,1
51,0.25,0.25,20,10,0.117178056464628,0.00315731126794372,0.120335367732571,0.120335367732571,0.117178056464628,0.13060354487906,0.150472884367242,0.289405213188801,0.382223742013622,0.13060354487906,0.150472884367242,0,0.02,1,0.289405213188801,0.382223742013622,0,0.02,1
52,0.25,0.25,30,2,0.156803458270639,0.00179321456965331,0.158596672840292,0.158596672840292,0.156803458270639,0.167041697378506,0.16745130147097,0.204394764334486,0.255554510532521,0.167041697378506,0.16745130147097,0,0.02,1,0.204394764334486,0.255554510532521,0,0.02,1
53,0.25,0.25,30,5,0.156803458270639,0.00179321456965331,0.158596672840292,0.158596672840292,0.156803458270639,0.186855260296473,0.215076686637002,0.316997769247439,0.408733411971335,0.186855260296473,0.215076686637002,0,0.02,1,0.316997769247439,0.408733411971335,0,0.02,1
54,0.25,0.25,30,10,0.156803458270639,0.00179321456965331,0.158596672840292,0.158596672840292,0.156803458270639,0.178782996737171,0.193778690917239,0.451399809422102,0.491520618227899,0.178782996737171,0.193778690917239,0,0.02,1,0.451399809422102,0.491520618227899,0,0.02,1
55,0.25,0.5,15,2,0.0970574126421189,0.00437348968226747,0.101430902324386,0.101430902324386,0.0970574126421189,0.0994480888655347,0.126088970554815,0.131547773110052,0.151031559350045,0.0994480888655347,0.126088970554815,0,0.02,1,0.131547773110052,0.151031559350045,0,0.02,1
56,0.25,0.5,15,5,0.0970574126421189,0.00437348968226747,0.101430902324386,0.101430902324386,0.0970574126421189,0.0942427188831948,0.120443137090843,0.175986301024107,0.191576813732689,0.0942427188831948,0.120443137090843,0,0.02,1,0.175986301024107,0.191576813732689,0,0.02,1
57,0.25,0.5,15,10,0.0970574126421189,0.00437348968226747,0.101430902324386,0.101430902324386,0.0970574126421189,0.0854810490380275,0.109387342971551,0.197622718955786,0.240777446139428,0.0854810490380275,0.109387342971551,0,0.02,1,0.197622718955786,0.240777446139428,0,0.02,1
58,0.25,0.5,20,2,0.117178056464628,0.00315731126794372,0.120335367732571,0.120335367732571,0.117178056464628,0.110386311356363,0.136217719316868,0.171102796139005,0.171649568697166,0.110386311356363,0.136217719316868,0,0.02,1,0.171102796139005,0.171649568697166,0,0.02,1
59,0.25,0.5,20,5,0.117178056464628,0.00315731126794372,0.120335367732571,0.120335367732571,0.117178056464628,0.112287774880447,0.137777131813773,0.184859477699504,0.209984068358458,0.112287774880447,0.137777131813773,0,0.02,1,0.184859477699504,0.209984068358458,0,0.02,1
60,0.25,0.5,20,10,0.117178056464628,0.00315731126794372,0.120335367732571,0.120335367732571,0.117178056464628,0.138791107508929,0.155064428231842,0.257890473599435,0.345006257489159,0.138791107508929,0.155064428231842,0,0.02,1,0.257890473599435,0.345006257489159,0,0.02,1
61,0.25,0.5,30,2,0.156803458270639,0.00179321456965331,0.158596672840292,0.158596672840292,0.156803458270639,0.179377189213778,0.195411775447718,0.209519368070056,0.266101810306867,0.179377189213778,0.195411775447718,0,0.02,1,0.209519368070056,0.266101810306867,0,0.02,1
62,0.25,0.5,30,5,0.156803458270639,0.00179321456965331,0.158596672840292,0.158596672840292,0.156803458270639,0.159961844650133,0.182226703977848,0.223943620892606,0.293197823666957,0.159961844650133,0.182226703977848,0,0.02,1,0.223943620892606,0.293197823666957,0,0.02,1
63,0.25,0.5,30,10,0.156803458270639,0.00179321456965331,0.158596672840292,0.158596672840292,0.156803458270639,0.134438189954421,0.15269296250561,0.291276911176004,0.384180775722167,0.134438189954421,0.15269296250561,0,0.02,1,0.291276911176004,0.384180775722167,0,0.02,1
64,0.25,0.75,15,2,0.0970574126421189,0.00437348968226747,0.101430902324386,0.101430902324386,0.0970574126421189,0.0817768484134135,0.104000739622893,0.117885914265361,0.142076157345184,0.0817768484134135,0.104000739622893,0,0.02,1,0.117885914265361,0.142076157345184,0,0.02,1
65,0.25,0.75,15,5,0.0970574126421189,0.00437348968226747,0.101430902324386,0.101430902324386,0.0970574126421189,0.0874037847863707,0.112003357956718,0.103283702613027,0.17348850897393,0.0874037847863707,0.112003357956718,0,0.02,1,0.103283702613027,0.17348850897393,0,0.02,1
66,0.25,0.75,15,10,0.0970574126421189,0.00437348968226747,0.101430902324386,0.101430902324386,0.0970574126421189,0.0890986098684464,0.114215660018744,0.189849597207264,0.222516475293105,0.0890986098684464,0.114215660018744,0,0.02,1,0.189849597207264,0.222516475293105,0,0.02,1
67,0.25,0.75,20,2,0.117178056464628,0.00315731126794372,0.120335367732571,0.120335367732571,0.117178056464628,0.104685176925456,0.131202596446748,0.122246928580693,0.145152313293021,0.104685176925456,0.131202596446748,0,0.02,1,0.122246928580693,0.145152313293021,0,0.02,1
68,0.25,0.75,20,5,0.117178056464628,0.00315731126794372,0.120335367732571,0.120335367732571,0.117178056464628,0.130181005179008,0.150220253947905,0.18728298623614,0.216153987178957,0.130181005179008,0.150220253947905,0,0.02,1,0.18728298623614,0.216153987178957,0,0.02,1
69,0.25,0.75,20,10,0.117178056464628,0.00315731126794372,0.120335367732571,0.120335367732571,0.117178056464628,0.103049735846621,0.129661522293454,0.195402182310812,0.23570909602078,0.103049735846621,0.129661522293454,0,0.02,1,0.195402182310812,0.23570909602078,0,0.02,1
70,0.25,0.75,30,2,0.156803458270639,0.00179321456965331,0.158596672840292,0.158596672840292,0.156803458270639,0.162291660091417,0.165670167321553,0.186445746514024,0.214040624845995,0.162291660091417,0.165670167321553,0,0.02,1,0.186445746514024,0.214040624845995,0,0.02,1
71,0.25,0.75,30,5,0.156803458270639,0.00179321456965331,0.158596672840292,0.158596672840292,0.156803458270639,0.154171721974757,0.162371241864647,0.235067988659022,0.311823759139985,0.154171721974757,0.162371241864647,0,0.02,1,0.235067988659022,0.311823759139985,0,0.02,1
72,0.25,0.75,30,10,0.156803458270639,0.00179321456965331,0.158596672840292,0.158596672840292,0.156803458270639,0.177033657643257,0.188907143992171,0.244757137792002,0.326667102255699,0.177033657643257,0.188907143992171,0,0.02,1,0.244757137792002,0.326667102255699,0,0.02,1
73,0.5,0,15,2,0.261931262346821,0.00051177151864068,0.262443033865462,0.262443033865462,0.261931262346821,0.268739519863049,0.358803734142559,0.454189751837665,0.492720038764861,0.268739519863049,0.358803734142559,0,0.02,1,0.454189751837665,0.492720038764861,0,0.02,1
74,0.5,0,15,5,0.261931262346821,0.00051177151864068,0.262443033865462,0.262443033865462,0.261931262346821,0.244104709001316,0.486037608564464,0.809642281399161,0.824579953063073,0.244104709001316,0.486037608564464,0,0.02,1,0.809642281399161,0.824579953063073,0,0.02,1
75,0.5,0,15,10,0.261931262346821,0.00051177151864068,0.262443033865462,0.262443033865462,0.261931262346821,0.260909975495771,0.464633848729603,0.953695193541751,0.956465658340714,0.260909975495771,0.464633848729603,0,0.02,1,0.953695193541751,0.956465658340714,0,0.02,1
76,0.5,0,20,2,0.337708365563488,0.000230663361602268,0.33793902892509,0.33793902892509,0.337708365563488,0.341629473218247,0.428780803046756,0.544551834705892,0.560575509834078,0.341629473218247,0.428780803046756,0,0.02,1,0.544551834705892,0.560575509834078,0,0.02,1
77,0.5,0,20,5,0.337708365563488,0.000230663361602268,0.33793902892509,0.33793902892509,0.337708365563488,0.382239281590571,0.550337718848549,0.885722228773654,0.889411599738869,0.382239281590571,0.550337718848549,0,0.02,1,0.885722228773654,0.889411599738869,0,0.02,1
78,0.5,0,20,10,0.337708365563488,0.000230663361602268,0.33793902892509,0.33793902892509,0.337708365563488,0.301434235941182,0.484145522480239,0.987495696101207,0.987589719773712,0.301434235941182,0.484145522480239,0,0.02,1,0.987495696101207,0.987589719773712,0,0.02,1
79,0.5,0,30,2,0.47784098594094,0.0000555348192697869,0.47789652076021,0.47789652076021,0.47784098594094,0.559521121713873,0.582181737641102,0.724437966969552,0.760867401288893,0.559521121713873,0.582181737641102,0,0.02,1,0.724437966969552,0.760867401288893,0,0.02,1
80,0.5,0,30,5,0.47784098594094,0.0000555348192697869,0.47789652076021,0.47789652076021,0.47784098594094,0.45631559710793,0.603966931013881,0.979488626533964,0.979492017595979,0.45631559710793,0.603966931013881,0,0.02,1,0.979488626533964,0.979492017595979,0,0.02,1
81,0.5,0,30,10,0.47784098594094,0.0000555348192697869,0.47789652076021,0.47789652076021,0.47784098594094,0.411190633746642,0.543803397703398,0.999448464621715,0.999448803026631,0.411190633746642,0.543803397703398,0,0.02,1,0.999448464621715,0.999448803026631,0,0.02,1
82,0.5,0.25,15,2,0.261931262346821,0.00051177151864068,0.262443033865462,0.262443033865462,0.261931262346821,0.227218453595419,0.298870418515786,0.298816990047749,0.405582816220901,0.227218453595419,0.298870418515786,0,0.02,1,0.298816990047749,0.405582816220901,0,0.02,1
83,0.5,0.25,15,5,0.261931262346821,0.00051177151864068,0.262443033865462,0.262443033865462,0.261931262346821,0.239108075036603,0.318159214852289,0.537078917905761,0.549356297152326,0.239108075036603,0.318159214852289,0,0.02,1,0.537078917905761,0.549356297152326,0,0.02,1
84,0.5,0.25,15,10,0.261931262346821,0.00051177151864068,0.262443033865462,0.262443033865462,0.261931262346821,0.225484536400795,0.29588748939921,0.631153695160424,0.671213029762967,0.225484536400795,0.29588748939921,0,0.02,1,0.631153695160424,0.671213029762967,0,0.02,1
85,0.5,0.25,20,2,0.337708365563488,0.000230663361602268,0.33793902892509,0.33793902892509,0.337708365563488,0.351752073647858,0.436205436877522,0.541792794602741,0.556469356837697,0.351752073647858,0.436205436877522,0,0.02,1,0.541792794602741,0.556469356837697,0,0.02,1
86,0.5,0.25,20,5,0.337708365563488,0.000230663361602268,0.33793902892509,0.33793902892509,0.337708365563488,0.31635556377959,0.408168972652157,0.632306021269396,0.672480864130618,0.31635556377959,0.408168972652157,0,0.02,1,0.632306021269396,0.672480864130618,0,0.02,1
87,0.5,0.25,20,10,0.337708365563488,0.000230663361602268,0.33793902892509,0.33793902892509,0.337708365563488,0.313121025927315,0.405290915107593,0.790442908996152,0.811407310436857,0.313121025927315,0.405290915107593,0,0.02,1,0.790442908996152,0.811407310436857,0,0.02,1
88,0.5,0.25,30,2,0.47784098594094,0.0000555348192697869,0.47789652076021,0.47789652076021,0.47784098594094,0.522590020810684,0.526689733974608,0.621975813002795,0.660947451548651,0.522590020810684,0.526689733974608,0,0.02,1,0.621975813002795,0.660947451548651,0,0.02,1
89,0.5,0.25,30,5,0.47784098594094,0.0000555348192697869,0.47789652076021,0.47789652076021,0.47784098594094,0.539099298536074,0.552440895669139,0.850965699418893,0.850987577380009,0.539099298536074,0.552440895669139,0,0.02,1,0.850965699418893,0.850987577380009,0,0.02,1
90,0.5,0.25,30,10,0.47784098594094,0.0000555348192697869,0.47789652076021,0.47789652076021,0.47784098594094,0.430607204762812,0.534297403212862,0.894686502767232,0.898840580903088,0.430607204762812,0.534297403212862,0,0.02,1,0.894686502767232,0.898840580903088,0,0.02,1
91,0.5,0.5,15,2,0.261931262346821,0.00051177151864068,0.262443033865462,0.262443033865462,0.261931262346821,0.215285700024212,0.277369508980176,0.26582599960028,0.355209023035094,0.215285700024212,0.277369508980176,0,0.02,1,0.26582599960028,0.355209023035094,0,0.02,1
92,0.5,0.5,15,5,0.261931262346821,0.00051177151864068,0.262443033865462,0.262443033865462,0.261931262346821,0.206384818235431,0.2597125850552,0.370189366948522,0.448685348251948,0.206384818235431,0.2597125850552,0,0.02,1,0.370189366948522,0.448685348251948,0,0.02,1
93,0.5,0.5,15,10,0.261931262346821,0.00051177151864068,0.262443033865462,0.262443033865462,0.261931262346821,0.216944487473507,0.280499923730761,0.526551375513436,0.533010816088071,0.216944487473507,0.280499923730761,0,0.02,1,0.526551375513436,0.533010816088071,0,0.02,1
94,0.5,0.5,20,2,0.337708365563488,0.000230663361602268,0.33793902892509,0.33793902892509,0.337708365563488,0.304008419672789,0.396853300097646,0.454911067547405,0.493027745144549,0.304008419672789,0.396853300097646,0,0.02,1,0.454911067547405,0.493027745144549,0,0.02,1
95,0.5,0.5,20,5,0.337708365563488,0.000230663361602268,0.33793902892509,0.33793902892509,0.337708365563488,0.277630826568801,0.369307410020447,0.541177053912605,0.555547263636592,0.277630826568801,0.369307410020447,0,0.02,1,0.541177053912605,0.555547263636592,0,0.02,1
96,0.5,0.5,20,10,0.337708365563488,0.000230663361602268,0.33793902892509,0.33793902892509,0.337708365563488,0.246058827016266,0.328572159094691,0.578564906656835,0.607978322265668,0.246058827016266,0.328572159094691,0,0.02,1,0.578564906656835,0.607978322265668,0,0.02,1
97,0.5,0.5,30,2,0.47784098594094,0.0000555348192697869,0.47789652076021,0.47789652076021,0.47784098594094,0.444122732671012,0.488321225715861,0.559313846164241,0.5818569153165,0.444122732671012,0.488321225715861,0,0.02,1,0.559313846164241,0.5818569153165,0,0.02,1
98,0.5,0.5,30,5,0.47784098594094,0.0000555348192697869,0.47789652076021,0.47789652076021,0.47784098594094,0.499115119427419,0.510187449236213,0.724161209177562,0.760563576538831,0.499115119427419,0.510187449236213,0,0.02,1,0.724161209177562,0.760563576538831,0,0.02,1
99,0.5,0.5,30,10,0.47784098594094,0.0000555348192697869,0.47789652076021,0.47789652076021,0.47784098594094,0.469949490269473,0.499227857304869,0.832491578851514,0.839464971850044,0.469949490269473,0.499227857304869,0,0.02,1,0.832491578851514,0.839464971850044,0,0.02,1
100,0.5,0.75,15,2,0.261931262346821,0.00051177151864068,0.262443033865462,0.262443033865462,0.261931262346821,0.198852679902122,0.243536104672846,0.265179053512325,0.3544001015648,0.198852679902122,0.243536104672846,0,0.02,1,0.265179053512325,0.3544001015648,0,0.02,1
101,0.5,0.75,15,5,0.261931262346821,0.00051177151864068,0.262443033865462,0.262443033865462,0.261931262346821,0.192512840807361,0.228939157779435,0.294792920639539,0.387789900260351,0.192512840807361,0.228939157779435,0,0.02,1,0.294792920639539,0.387789900260351,0,0.02,1
102,0.5,0.75,15,10,0.261931262346821,0.00051177151864068,0.262443033865462,0.262443033865462,0.261931262346821,0.205948430507589,0.258807662864363,0.421753263092093,0.504195411333439,0.205948430507589,0.258807662864363,0,0.02,1,0.421753263092093,0.504195411333439,0,0.02,1
103,0.5,0.75,20,2,0.337708365563488,0.000230663361602268,0.33793902892509,0.33793902892509,0.337708365563488,0.301048014943805,0.394002251284795,0.253399864241029,0.441563065670425,0.301048014943805,0.394002251284795,0,0.02,1,0.253399864241029,0.441563065670425,0,0.02,1
104,0.5,0.75,20,5,0.337708365563488,0.000230663361602268,0.33793902892509,0.33793902892509,0.337708365563488,0.239611609370524,0.318933858444364,0.516005273976175,0.515967793442332,0.239611609370524,0.318933858444364,0,0.02,1,0.516005273976175,0.515967793442332,0,0.02,1
105,0.5,0.75,20,10,0.337708365563488,0.000230663361602268,0.33793902892509,0.33793902892509,0.337708365563488,0.259326376945803,0.346898680232008,0.540751390668675,0.554908590431549,0.259326376945803,0.346898680232008,0,0.02,1,0.540751390668675,0.554908590431549,0,0.02,1
106,0.5,0.75,30,2,0.47784098594094,0.0000555348192697869,0.47789652076021,0.47789652076021,0.47784098594094,0.400128081186595,0.466500319125556,0.527328703922866,0.534240042665702,0.400128081186595,0.466500319125556,0,0.02,1,0.527328703922866,0.534240042665702,0,0.02,1
107,0.5,0.75,30,5,0.47784098594094,0.0000555348192697869,0.47789652076021,0.47789652076021,0.47784098594094,0.446113985278324,0.489207059948243,0.597787214955651,0.632382062482532,0.446113985278324,0.489207059948243,0,0.02,1,0.597787214955651,0.632382062482532,0,0.02,1
108,0.5,0.75,30,10,0.47784098594094,0.0000555348192697869,0.47789652076021,0.47789652076021,0.47784098594094,0.460310476509283,0.495300453999453,0.660502292022968,0.70212505429012,0.460310476509283,0.495300453999453,0,0.02,1,0.660502292022968,0.70212505429012,0,0.02,1
109,0.75,0,15,2,0.509308305981161,0.000039647422144351,0.509347953403305,0.509347953403305,0.509308305981161,0.550906417623695,0.569876293834992,0.73588901368032,0.770226726201625,0.550906417623695,0.569876293834992,0,0.02,1,0.73588901368032,0.770226726201625,0,0.02,1
110,0.75,0,15,5,0.509308305981161,0.000039647422144351,0.509347953403305,0.509347953403305,0.509308305981161,0.582057906317759,0.627126084580121,0.979427872267217,0.979429997487902,0.582057906317759,0.627126084580121,0,0.02,1,0.979427872267217,0.979429997487902,0,0.02,1
111,0.75,0,15,10,0.509308305981161,0.000039647422144351,0.509347953403305,0.509347953403305,0.509308305981161,0.437055254284173,0.549624793490599,0.999189066243618,0.999189360242145,0.437055254284173,0.549624793490599,0,0.02,1,0.999189066243618,0.999189360242145,0,0.02,1
112,0.75,0,20,2,0.637392113116611,0.00000960818465534086,0.637401721301266,0.637401721301266,0.637392113116611,0.666629987631163,0.708235706599017,0.865125701764065,0.867011340291945,0.666629987631163,0.708235706599017,0,0.02,1,0.865125701764065,0.867011340291945,0,0.02,1
113,0.75,0,20,5,0.637392113116611,0.00000960818465534086,0.637401721301266,0.637401721301266,0.637392113116611,0.634913830187071,0.690091734073476,0.993435148159424,0.993512292171052,0.634913830187071,0.690091734073476,0,0.02,1,0.993435148159424,0.993512292171052,0,0.02,1
114,0.75,0,20,10,0.637392113116611,0.00000960818465534086,0.637401721301266,0.637401721301266,0.637392113116611,0.595220888753427,0.638476206222963,0.999984341029524,0.999984341202754,0.595220888753427,0.638476206222963,0,0.02,1,0.999984341029524,0.999984341202754,0,0.02,1
115,0.75,0,30,2,0.814970951644517,0.000000725602621098886,0.814971677247138,0.814971677247138,0.814970951644517,0.749783763280863,0.863157622937573,0.970458248081343,0.97156985153742,0.749783763280863,0.863157622937573,0,0.02,1,0.970458248081343,0.97156985153742,0,0.02,1
116,0.75,0,30,5,0.814970951644517,0.000000725602621098886,0.814971677247138,0.814971677247138,0.814970951644517,0.765634746147986,0.806055473189402,0.999971750013458,0.999971761354397,0.765634746147986,0.806055473189402,0,0.02,1,0.999971750013458,0.999971761354397,0,0.02,1
117,0.75,0,30,10,0.814970951644517,0.000000725602621098886,0.814971677247138,0.814971677247138,0.814970951644517,0.771223845212232,0.805242373121501,0.999999118167813,0.999999118190599,0.771223845212232,0.805242373121501,0,0.02,1,0.999999118167813,0.999999118190599,0,0.02,1
118,0.75,0.25,15,2,0.509308305981161,0.000039647422144351,0.509347953403305,0.509347953403305,0.509308305981161,0.520213916617829,0.522852025625521,0.633684871715869,0.673991869724867,0.520213916617829,0.522852025625521,0,0.02,1,0.633684871715869,0.673991869724867,0,0.02,1
119,0.75,0.25,15,5,0.509308305981161,0.000039647422144351,0.509347953403305,0.509347953403305,0.509308305981161,0.541166050548576,0.555530766630757,0.850838768327056,0.850838415795805,0.541166050548576,0.555530766630757,0,0.02,1,0.850838768327056,0.850838415795805,0,0.02,1
120,0.75,0.25,15,10,0.509308305981161,0.000039647422144351,0.509347953403305,0.509347953403305,0.509308305981161,0.511556308857598,0.53549334437591,0.891377211145233,0.895379866232456,0.511556308857598,0.53549334437591,0,0.02,1,0.891377211145233,0.895379866232456,0,0.02,1
121,0.75,0.25,20,2,0.637392113116611,0.00000960818465534086,0.637401721301266,0.637401721301266,0.637392113116611,0.61587100000402,0.653949697422616,0.794597491439718,0.814311729301334,0.61587100000402,0.653949697422616,0,0.02,1,0.794597491439718,0.814311729301334,0,0.02,1
122,0.75,0.25,20,5,0.637392113116611,0.00000960818465534086,0.637401721301266,0.637401721301266,0.637392113116611,0.632637080056942,0.672878472964613,0.918027441914849,0.922519823107358,0.632637080056942,0.672878472964613,0,0.02,1,0.918027441914849,0.922519823107358,0,0.02,1
123,0.75,0.25,20,10,0.637392113116611,0.00000960818465534086,0.637401721301266,0.637401721301266,0.637392113116611,0.615767743630665,0.653849557040844,0.979367125536753,0.979367977379826,0.615767743630665,0.653849557040844,0,0.02,1,0.979367125536753,0.979367977379826,0,0.02,1
124,0.75,0.25,30,2,0.814970951644517,0.000000725602621098886,0.814971677247138,0.814971677247138,0.814970951644517,0.834974946285196,0.84111535041914,0.904164214040219,0.908606170144942,0.834974946285196,0.84111535041914,0,0.02,1,0.904164214040219,0.908606170144942,0,0.02,1
125,0.75,0.25,30,5,0.814970951644517,0.000000725602621098886,0.814971677247138,0.814971677247138,0.814970951644517,0.794165492335249,0.82135611498356,0.983010723199612,0.983070352521732,0.794165492335249,0.82135611498356,0,0.02,1,0.983010723199612,0.983070352521732,0,0.02,1
126,0.75,0.25,30,10,0.814970951644517,0.000000725602621098886,0.814971677247138,0.814971677247138,0.814970951644517,0.802792962754463,0.823236075056585,0.995859786233617,0.995910572685215,0.802792962754463,0.823236075056585,0,0.02,1,0.995859786233617,0.995910572685215,0,0.02,1
127,0.75,0.5,15,2,0.509308305981161,0.000039647422144351,0.509347953403305,0.509347953403305,0.509308305981161,0.457696602728249,0.494206923230088,0.569412147189635,0.595779362502334,0.457696602728249,0.494206923230088,0,0.02,1,0.569412147189635,0.595779362502334,0,0.02,1
128,0.75,0.5,15,5,0.509308305981161,0.000039647422144351,0.509347953403305,0.509347953403305,0.509308305981161,0.516005273976175,0.515967793442332,0.700290662036391,0.739895581640554,0.516005273976175,0.515967793442332,0,0.02,1,0.700290662036391,0.739895581640554,0,0.02,1
129,0.75,0.5,15,10,0.509308305981161,0.000039647422144351,0.509347953403305,0.509347953403305,0.509308305981161,0.516005273976175,0.515967793442332,0.850838768327056,0.850838415795805,0.516005273976175,0.515967793442332,0,0.02,1,0.850838768327056,0.850838415795805,0,0.02,1
130,0.75,0.5,20,2,0.637392113116611,0.00000960818465534086,0.637401721301266,0.637401721301266,0.637392113116611,0.600131663672712,0.635251502418684,0.73042320516882,0.765761771100344,0.600131663672712,0.635251502418684,0,0.02,1,0.73042320516882,0.765761771100344,0,0.02,1
131,0.75,0.5,20,5,0.637392113116611,0.00000960818465534086,0.637401721301266,0.637401721301266,0.637392113116611,0.610333350765094,0.647480980420389,0.856487533345089,0.857297355275837,0.610333350765094,0.647480980420389,0,0.02,1,0.856487533345089,0.857297355275837,0,0.02,1
132,0.75,0.5,20,10,0.637392113116611,0.00000960818465534086,0.637401721301266,0.637401721301266,0.637392113116611,0.56733846159431,0.5929608269238,0.875912040716523,0.878872041763501,0.56733846159431,0.5929608269238,0,0.02,1,0.875912040716523,0.878872041763501,0,0.02,1
133,0.75,0.5,30,2,0.814970951644517,0.000000725602621098886,0.814971677247138,0.814971677247138,0.814970951644517,0.821496490929566,0.832405654440628,0.884123661031364,0.887707546685093,0.821496490929566,0.832405654440628,0,0.02,1,0.884123661031364,0.887707546685093,0,0.02,1
134,0.75,0.5,30,5,0.814970951644517,0.000000725602621098886,0.814971677247138,0.814971677247138,0.814970951644517,0.785911656452276,0.808260862951101,0.939773688905977,0.943525909686815,0.785911656452276,0.808260862951101,0,0.02,1,0.939773688905977,0.943525909686815,0,0.02,1
135,0.75,0.5,30,10,0.814970951644517,0.000000725602621098886,0.814971677247138,0.814971677247138,0.814970951644517,0.764339188705278,0.792507722940728,0.976804392600261,0.977154314331069,0.764339188705278,0.792507722940728,0,0.02,1,0.976804392600261,0.977154314331069,0,0.02,1
136,0.75,0.75,15,2,0.509308305981161,0.000039647422144351,0.509347953403305,0.509347953403305,0.509308305981161,0.417090275587847,0.475458666186991,0.54125642246041,0.555666238595148,0.417090275587847,0.475458666186991,0,0.02,1,0.54125642246041,0.555666238595148,0,0.02,1
137,0.75,0.75,15,5,0.509308305981161,0.000039647422144351,0.509347953403305,0.509347953403305,0.509308305981161,0.436548568101185,0.484877931689954,0.615186715428916,0.653156667431425,0.436548568101185,0.484877931689954,0,0.02,1,0.615186715428916,0.653156667431425,0,0.02,1
138,0.75,0.75,15,10,0.509308305981161,0.000039647422144351,0.509347953403305,0.509347953403305,0.509308305981161,0.421587803447085,0.477713064770369,0.668809796889009,0.710382452218382,0.421587803447085,0.477713064770369,0,0.02,1,0.668809796889009,0.710382452218382,0,0.02,1
139,0.75,0.75,20,2,0.637392113116611,0.00000960818465534086,0.637401721301266,0.637401721301266,0.637392113116611,0.57141788321192,0.598486079083673,0.647642081664423,0.688924619128174,0.57141788321192,0.598486079083673,0,0.02,1,0.647642081664423,0.688924619128174,0,0.02,1
140,0.75,0.75,20,5,0.637392113116611,0.00000960818465534086,0.637401721301266,0.637401721301266,0.637392113116611,0.574463087243319,0.602559412921349,0.772308842624041,0.798364137559056,0.574463087243319,0.602559412921349,0,0.02,1,0.772308842624041,0.798364137559056,0,0.02,1
141,0.75,0.75,20,10,0.637392113116611,0.00000960818465534086,0.637401721301266,0.637401721301266,0.637392113116611,0.564664882072117,0.589305265983489,0.850965699418893,0.850987577380009,0.564664882072117,0.589305265983489,0,0.02,1,0.850965699418893,0.850987577380009,0,0.02,1
142,0.75,0.75,30,2,0.814970951644517,0.000000725602621098886,0.814971677247138,0.814971677247138,0.814970951644517,0.767453479776496,0.794819096098722,0.850965699418893,0.850987577380009,0.767453479776496,0.794819096098722,0,0.02,1,0.850965699418893,0.850987577380009,0,0.02,1
143,0.75,0.75,30,5,0.814970951644517,0.000000725602621098886,0.814971677247138,0.814971677247138,0.814970951644517,0.776263130135453,0.801260266152456,0.890046380261108,0.893979047974793,0.776263130135453,0.801260266152456,0,0.02,1,0.890046380261108,0.893979047974793,0,0.02,1
144,0.75,0.75,30,10,0.814970951644517,0.000000725602621098886,0.814971677247138,0.814971677247138,0.814970951644517,0.739327558502334,0.773047766329525,0.910788237344317,0.915311697035338,0.739327558502334,0.773047766329525,0,0.02,1,0.910788237344317,0.915311697035338,0,0.02,1
145,1,0,15,2,0.752921015617926,0.00000201888556261576,0.752923034503488,0.752923034503488,0.752921015617926,0.785868572213105,0.808258750349516,0.913076540791429,0.917601407431659,0.785868572213105,0.808258750349516,0,0.02,1,0.913076540791429,0.917601407431659,0,0.02,1
146,1,0,15,5,0.752921015617926,0.00000201888556261576,0.752923034503488,0.752923034503488,0.752921015617926,0.684478121189753,0.737735415857188,0.998881047699753,0.998881119163905,0.684478121189753,0.737735415857188,0,0.02,1,0.998881047699753,0.998881119163905,0,0.02,1
147,1,0,15,10,0.752921015617926,0.00000201888556261576,0.752923034503488,0.752923034503488,0.752921015617926,0.649830294446097,0.698064111211518,0.999987173503211,0.999987173681437,0.649830294446097,0.698064111211518,0,0.02,1,0.999987173503211,0.999987173681437,0,0.02,1
148,1,0,20,2,0.868952801692497,0.000000226032087935479,0.868953027724585,0.868953027724585,0.868952801692497,0.885883375950124,0.889588573839402,0.979488626533964,0.979492017595979,0.885883375950124,0.889588573839402,0,0.02,1,0.979488626533964,0.979492017595979,0,0.02,1
149,1,0,20,5,0.868952801692497,0.000000226032087935479,0.868953027724585,0.868953027724585,0.868952801692497,0.867237725635136,0.872360403843633,0.999982042996626,0.999982043154012,0.867237725635136,0.872360403843633,0,0.02,1,0.999982042996626,0.999982043154012,0,0.02,1
150,1,0,20,10,0.868952801692497,0.000000226032087935479,0.868953027724585,0.868953027724585,0.868952801692497,0.848137675919488,0.8562513043993,0.999998583724819,0.999998583760659,0.848137675919488,0.8562513043993,0,0.02,1,0.999998583724819,0.999998583760659,0,0.02,1
151,1,0,30,2,0.96770825429771,0.00000000394480736964908,0.967708258242518,0.967708258242518,0.96770825429771,0.971714339529275,0.973094347754149,0.998972144893674,0.998972302871151,0.971714339529275,0.973094347754149,0,0.02,1,0.998972144893674,0.998972302871151,0,0.02,1
152,1,0,30,5,0.96770825429771,0.00000000394480736964908,0.967708258242518,0.967708258242518,0.96770825429771,0.943459494444266,0.947468359117513,0.999997514840547,0.999997514900778,0.943459494444266,0.947468359117513,0,0.02,1,0.999997514840547,0.999997514900778,0,0.02,1
153,1,0,30,10,0.96770825429771,0.00000000394480736964908,0.967708258242518,0.967708258242518,0.96770825429771,0.93817068854609,0.942298892995838,1,1,0.93817068854609,0.942298892995838,0,0.02,1,1,1,NA,NA,NA
154,1,0.25,15,2,0.752921015617926,0.00000201888556261576,0.752923034503488,0.752923034503488,0.752921015617926,0.717679713255628,0.755087633911322,0.867345578826896,0.869476434734862,0.717679713255628,0.755087633911322,0,0.02,1,0.867345578826896,0.869476434734862,0,0.02,1
155,1,0.25,15,5,0.752921015617926,0.00000201888556261576,0.752923034503488,0.752923034503488,0.752921015617926,0.715229939408114,0.753007466231128,0.966109709314107,0.96768973096184,0.715229939408114,0.753007466231128,0,0.02,1,0.966109709314107,0.96768973096184,0,0.02,1
156,1,0.25,15,10,0.752921015617926,0.00000201888556261576,0.752923034503488,0.752923034503488,0.752921015617926,0.671514739699706,0.713078579646371,0.979448122852032,0.979450670857261,0.671514739699706,0.713078579646371,0,0.02,1,0.979448122852032,0.979450670857261,0,0.02,1
157,1,0.25,20,2,0.868952801692497,0.000000226032087935479,0.868953027724585,0.868953027724585,0.868952801692497,0.868860395478084,0.871154701078829,0.946601769231251,0.949918466661552,0.868860395478084,0.871154701078829,0,0.02,1,0.946601769231251,0.949918466661552,0,0.02,1
158,1,0.25,20,5,0.868952801692497,0.000000226032087935479,0.868953027724585,0.868953027724585,0.868952801692497,0.872674978474583,0.875358979643388,0.987485306796102,0.987579542690119,0.872674978474583,0.875358979643388,0,0.02,1,0.987485306796102,0.987579542690119,0,0.02,1
159,1,0.25,20,10,0.868952801692497,0.000000226032087935479,0.868953027724585,0.868953027724585,0.868952801692497,0.857098236275111,0.858072181862099,0.997409336750155,0.997436133147899,0.857098236275111,0.858072181862099,0,0.02,1,0.997409336750155,0.997436133147899,0,0.02,1
160,1,0.25,30,2,0.96770825429771,0.00000000394480736964908,0.967708258242518,0.967708258242518,0.96770825429771,0.97040715139941,0.971559685452442,0.990693378980753,0.990787688230512,0.97040715139941,0.971559685452442,0,0.02,1,0.990693378980753,0.990787688230512,0,0.02,1
161,1,0.25,30,5,0.96770825429771,0.00000000394480736964908,0.967708258242518,0.967708258242518,0.96770825429771,0.951503433285488,0.954636493478942,0.999638019695701,0.99963830141226,0.951503433285488,0.954636493478942,0,0.02,1,0.999638019695701,0.99963830141226,0,0.02,1
162,1,0.25,30,10,0.96770825429771,0.00000000394480736964908,0.967708258242518,0.967708258242518,0.96770825429771,0.942169356181333,0.945893093649214,0.999983753159638,0.99998375332982,0.942169356181333,0.945893093649214,0,0.02,1,0.999983753159638,0.99998375332982,0,0.02,1
163,1,0.5,15,2,0.752921015617926,0.00000201888556261576,0.752923034503488,0.752923034503488,0.752921015617926,0.706787852826676,0.745659366642104,0.850838768327056,0.850838415795805,0.706787852826676,0.745659366642104,0,0.02,1,0.850838768327056,0.850838415795805,0,0.02,1
164,1,0.5,15,5,0.752921015617926,0.00000201888556261576,0.752923034503488,0.752923034503488,0.752921015617926,0.673435889459246,0.71489233236204,0.886027908938949,0.889733078617594,0.673435889459246,0.71489233236204,0,0.02,1,0.886027908938949,0.889733078617594,0,0.02,1
165,1,0.5,15,10,0.752921015617926,0.00000201888556261576,0.752923034503488,0.752923034503488,0.752921015617926,0.661012252526783,0.702637918351985,0.924439887535804,0.928809665421949,0.661012252526783,0.702637918351985,0,0.02,1,0.924439887535804,0.928809665421949,0,0.02,1
166,1,0.5,20,2,0.868952801692497,0.000000226032087935479,0.868953027724585,0.868953027724585,0.868952801692497,0.850884357033488,0.85089199395105,0.897011542844379,0.901251498856456,0.850884357033488,0.85089199395105,0,0.02,1,0.897011542844379,0.901251498856456,0,0.02,1
167,1,0.5,20,5,0.868952801692497,0.000000226032087935479,0.868953027724585,0.868953027724585,0.868952801692497,0.852830846693023,0.853129418081214,0.971441733982116,0.972432946007232,0.852830846693023,0.853129418081214,0,0.02,1,0.971441733982116,0.972432946007232,0,0.02,1
168,1,0.5,20,10,0.868952801692497,0.000000226032087935479,0.868953027724585,0.868953027724585,0.868952801692497,0.850957419003259,0.850977848103432,0.979468374274264,0.97947134422662,0.850957419003259,0.850977848103432,0,0.02,1,0.979468374274264,0.97947134422662,0,0.02,1
169,1,0.5,30,2,0.96770825429771,0.00000000394480736964908,0.967708258242518,0.967708258242518,0.96770825429771,0.96486685252994,0.966590363819745,0.984459501388904,0.984534653692252,0.96486685252994,0.966590363819745,0,0.02,1,0.984459501388904,0.984534653692252,0,0.02,1
170,1,0.5,30,5,0.96770825429771,0.00000000394480736964908,0.967708258242518,0.967708258242518,0.96770825429771,0.951732166752666,0.954685351338389,0.994438783611148,0.994506372829975,0.951732166752666,0.954685351338389,0,0.02,1,0.994438783611148,0.994506372829975,0,0.02,1
171,1,0.5,30,10,0.96770825429771,0.00000000394480736964908,0.967708258242518,0.967708258242518,0.96770825429771,0.942179294460615,0.945809061147014,0.998902315176263,0.998902408651273,0.942179294460615,0.945809061147014,0,0.02,1,0.998902315176263,0.998902408651273,0,0.02,1
172,1,0.75,15,2,0.752921015617926,0.00000201888556261576,0.752923034503488,0.752923034503488,0.752921015617926,0.666738753970461,0.70834315588443,0.787413363799797,0.809270068380207,0.666738753970461,0.70834315588443,0,0.02,1,0.787413363799797,0.809270068380207,0,0.02,1
173,1,0.75,15,5,0.752921015617926,0.00000201888556261576,0.752923034503488,0.752923034503488,0.752921015617926,0.668551122204638,0.710128433193607,0.85595681913175,0.856694151794729,0.668551122204638,0.710128433193607,0,0.02,1,0.85595681913175,0.856694151794729,0,0.02,1
174,1,0.75,15,10,0.752921015617926,0.00000201888556261576,0.752923034503488,0.752923034503488,0.752921015617926,0.649529469706979,0.690894667291573,0.8715976038955,0.874163096826835,0.649529469706979,0.690894667291573,0,0.02,1,0.8715976038955,0.874163096826835,0,0.02,1
175,1,0.75,20,2,0.868952801692497,0.000000226032087935479,0.868953027724585,0.868953027724585,0.868952801692497,0.845922916805883,0.849484099496562,0.874841219977401,0.877707639442892,0.845922916805883,0.849484099496562,0,0.02,1,0.874841219977401,0.877707639442892,0,0.02,1
176,1,0.75,20,5,0.868952801692497,0.000000226032087935479,0.868953027724585,0.868953027724585,0.868952801692497,0.850861932337608,0.850865640030921,0.906577728135649,0.911053431953381,0.850861932337608,0.850865640030921,0,0.02,1,0.906577728135649,0.911053431953381,0,0.02,1
177,1,0.75,20,10,0.868952801692497,0.000000226032087935479,0.868953027724585,0.868953027724585,0.868952801692497,0.85086460364762,0.850868779477068,0.947138321886946,0.950414046623291,0.85086460364762,0.850868779477068,0,0.02,1,0.947138321886946,0.950414046623291,0,0.02,1
178,1,0.75,30,2,0.96770825429771,0.00000000394480736964908,0.967708258242518,0.967708258242518,0.96770825429771,0.946698197095232,0.950019717589924,0.979508879631186,0.979512690965338,0.946698197095232,0.950019717589924,0,0.02,1,0.979508879631186,0.979512690965338,0,0.02,1
179,1,0.75,30,5,0.96770825429771,0.00000000394480736964908,0.967708258242518,0.967708258242518,0.96770825429771,0.950529974286158,0.953565386568856,0.984843277729801,0.984921870562603,0.950529974286158,0.953565386568856,0,0.02,1,0.984843277729801,0.984921870562603,0,0.02,1
180,1,0.75,30,10,0.96770825429771,0.00000000394480736964908,0.967708258242518,0.967708258242518,0.96770825429771,0.932469639328059,0.936583073329108,0.985874534804533,0.98596103380009,0.932469639328059,0.936583073329108,0,0.02,1,0.985874534804533,0.98596103380009,0,0.02,1
